512,109.223913,3,21109,19069,4
513,129.668254,3,19067,21109,4
514,133.572478,2,19065,21042,4
516,47.649608,2,11,19201,3
593,96.553539,3,18703,84,4
594,43.877974,3,15,18734,4
595,22.672782,1,18721,18719,4
596,18.506417,3,18721,18724,4
597,35.300203,3,18724,18726,4
598,21.037306,3,18726,18728,4
599,23.738966,2,18730,18732,4
600,33.958927,1,18732,18707,4
601,26.859787,1,18740,23030,4
602,19.596798,2,18745,18752,4
691,77.024545,1,19191,85,3
694,102.524353,2,19191,86,3
737,15.928455,3,19329,19324,4
738,73.631151,1,19321,19336,4
739,26.519531,2,19336,19341,4
740,12.320312,2,19341,19346,4
741,190.492467,2,19346,19378,2
742,112.744266,2,19349,19346,2
743,264.578317,2,19385,19349,2
744,109.977212,2,41674,19349,2
745,121.183085,1,46601,41321,2
746,116.814769,2,41321,41674,2
747,103.772864,2,20648,46592,2
749,22.310059,2,46592,41321,2
750,71.598962,2,41321,54792,2
751,102.831694,2,54792,19364,2
752,199.500811,2,19364,19418,2
753,10.620839,4,19411,19420,2
754,10.536194,4,19424,19427,2
755,163.274449,2,19373,19378,2
756,156.952075,2,19378,19385,2
757,127.965735,2,19385,19399,2
758,137.09127,2,19399,19416,2
759,145.306658,2,19411,19399,2
760,140.320832,2,19399,19385,2
761,152.68908,2,19385,19378,2
762,37.752076,2,19371,19373,2
763,9.634682,4,19427,19642,2
764,15.775749,4,19642,19411,2
765,18.341327,2,19416,19420,2
766,9.930209,4,19420,19424,2
767,18.210128,2,19418,19424,2
768,98.528671,4,19,19642,2
769,99.019278,4,19427,88,2
803,73.025389,3,19427,41709,2
980,15.475547,3,20599,20594,1
981,23.799363,2,20640,20620,4
982,23.91438,3,46611,20642,4
983,13.212406,4,20648,46572,4
989,42.801613,1,54763,46441,2
990,25.738087,2,46552,46539,4
991,9.350743,2,45884,19090,1
992,11.850832,4,45891,19097,1
993,12.363324,2,45899,19104,1
994,10.238232,2,45906,19111,1
995,13.004003,3,45913,19118,1
996,11.612558,3,45920,19125,1
997,11.45605,4,45926,19132,4
998,11.694383,3,45934,19596,1
999,10.849455,3,45940,19603,4
1000,11.970676,4,45947,20527,1
1001,10.358922,4,46498,20813,4
1002,9.550101,4,20820,46498,4
1003,10.436571,6,46453,20829,4
1004,19.379222,6,20848,20856,4
1005,17.247477,2,20848,20836,4
1006,13.286908,3,20836,20848,4
1008,10.110832,3,20856,20836,4
1009,14.460761,2,20862,20842,4
1010,11.709945,2,20842,20862,4
1011,20.044629,6,20869,20876,4
1012,51.476055,2,20887,20901,4
1013,31.779325,2,20889,20891,4
1014,6.465698,4,20919,20926,4
1015,6.050781,3,20931,20938,4
1016,9.445227,4,46205,20943,4
1017,11.413877,4,45963,20948,4
1018,9.599422,2,45979,20953,4
1019,26.202516,3,20642,20972,4
1020,27.425191,2,20977,46966,4
1021,18.119761,5,21009,20981,4
1022,40.693287,3,20998,21009,4
1023,55.604567,2,20998,21009,4
1024,21.839888,4,20981,20988,4
1025,31.417617,5,20988,20998,4
1026,33.69291,2,20988,20998,4
1027,19.481322,3,20998,21009,4
1028,9.052457,3,21015,21022,4
1029,8.345291,2,21036,21027,4
1030,11.542639,5,21109,21042,4
1031,9.035695,5,21047,41116,1
1032,6.40334,4,41116,21051,1
1033,8.134671,3,21056,21065,1
1034,8.409961,2,21065,21071,1
1035,7.804346,3,21081,21087,1
1036,8.716402,3,21076,21081,1
1037,13.557951,4,21105,21099,1
1038,12.485136,4,21099,21092,1
1039,6.326031,1,19069,19072,4
1040,11.621502,5,19076,21109,4
1041,7.72453,4,21118,21122,4
1042,6.056829,2,21122,21127,4
1043,6.212466,2,21115,21118,4
1044,11.328516,4,19080,46857,4
1045,8.685681,3,46857,19085,4
1046,46.196066,3,21130,21139,4
1047,30.081463,3,21139,21130,4
1048,13.122768,2,46853,21130,4
1049,12.544523,2,21130,21145,4
1050,6.243808,3,21135,21139,4
1051,6.604734,4,21139,21145,4
1052,8.589034,3,44852,21156,4
1053,16.05145,1,21161,44869,3
1054,10.030199,3,45306,21166,4
1055,36.977398,3,45319,21171,4
1056,19.377401,3,21171,45319,4
1057,10.497169,4,45319,21171,4
1058,10.503584,3,45518,21182,4
1136,17.831562,1,63,44279,1
1167,46.812706,1,42352,145,1
1208,23.761745,1,26,43717,1
1217,36.301992,1,42414,94,1
1236,92.78572,1,27,21522,1
1237,15.277931,2,21522,21047,1
1238,44.759606,4,21092,95,1
1258,113.519531,1,21560,21563,1
1259,56.944795,2,21560,46163,1
1260,62.644037,3,46198,21563,1
1297,43.4154,1,41970,96,1
1298,13.750007,1,41977,97,1
1323,158.50993,1,44905,44693,3
1324,158.852435,1,44693,44905,3
1325,158.852735,1,46624,44693,3
1326,158.510469,1,44693,46624,3
1327,158.852859,1,46641,46624,3
1328,158.510442,1,46624,46641,3
1329,150.52776,1,28,46641,3
1330,150.26639,1,46641,28,3
1353,51.338811,1,29,43706,1
1373,97.172988,1,1,42906,2
1499,131.904076,1,42458,134,2
1500,154.648569,1,42461,89,2
1513,107.951943,1,24,42450,2
1557,110.985892,1,42341,98,1
1706,32.258575,1,43781,100,2
1707,108.518126,1,33,43774,2
1751,25.13027,2,23050,18745,4
1764,68.910566,3,39,23063,4
1766,63.739653,3,23060,114,4
1787,59.331975,3,23046,19373,2
1788,61.152046,3,19373,23046,2
1813,15.482164,3,19334,21153,4
1814,22.426438,3,18752,23053,4
1815,30.87763,2,20520,19315,4
1970,14.247669,3,18728,18703,4
1971,26.627741,4,18712,23060,4
1972,13.939595,4,23050,23053,4
1973,28.709211,4,21199,23043,4
1974,10.691382,4,21153,21199,4
1975,17.641773,4,20520,21153,4
1976,137.980469,2,19341,23043,4
1977,138.479492,2,21199,19336,4
1978,14.86599,4,23060,23063,4
1987,35.748047,4,23584,23593,3
1989,112.148438,4,23577,23584,3
1990,33.757813,4,23593,23598,3
1992,18.447266,4,23598,23605,3
1993,77.135368,4,23605,20612,3
2012,36.761777,2,20633,23611,4
2013,124.782035,2,23611,23614,4
2014,89.208112,2,23614,21115,4
2021,101.055957,3,23621,21122,4
2023,103.523757,3,21122,23621,4
2024,155.907965,2,26228,20640,4
2034,89.734493,2,21127,23630,4
2035,35.805211,1,23569,103,3
2038,94.666915,1,32,23598,3
2041,21.008789,4,23399,23542,3
2042,94.709961,3,23542,23549,3
2043,50.549805,3,23549,23556,3
2044,104.479492,3,23448,23559,3
2078,45.599541,2,34,23350,3
2106,110.735352,1,23556,104,3
2135,47.80957,3,23556,23448,3
2136,101.25,3,23559,26410,3
2137,109.219727,2,25032,105,3
2144,34.989258,2,35,23357,3
2145,21.628906,2,23357,23392,3
2146,82.80957,4,23392,23350,3
2148,109.369141,4,23569,23577,3
2171,27.882997,1,36,23577,3
2176,91.265422,1,23593,106,3
2177,99.164554,1,23605,107,3
2196,141.715088,1,23611,108,4
2211,89.066376,1,23614,109,4
2326,91.819251,1,38,23584,3
2487,8.017135,2,20633,25181,4
2513,110.583008,2,23392,23399,3
2515,108.102409,3,23542,23357,3
2525,105.485352,2,23549,115,3
2532,44.081055,2,42,23448,3
2534,40.668945,2,23559,117,3
2560,52.673147,2,21115,119,4
2561,47.0459,4,44,21118,4
2645,100.314519,2,72,23505,3
2646,104.84082,2,23505,25032,3
2647,105.865993,2,25032,26410,3
2696,37.846207,4,23598,19080,3
2716,92.771046,4,44679,23399,3
2747,153.369159,2,25181,125,4
2748,8.227309,3,26228,23621,4
2749,8.926977,3,23621,23614,4
3121,10.801329,2,23630,26228,4
3122,135.600171,3,20620,46857,4
3123,128.755825,3,46857,20612,4
3124,121.231559,2,19080,20612,4
3125,18.128668,5,20620,20612,4
3126,23.689904,3,20620,20633,4
3127,16.9641,3,20612,20633,4
3128,17.453701,3,20612,20633,4
3136,55.872317,2,21042,21127,4
3141,69.599471,2,21118,19076,4
3144,61.916024,3,21122,21109,4
3171,73.988532,3,26410,19139,3
3191,14.951172,4,23584,23584,3
3205,35.531604,3,20633,20620,4
6939,104.417968,2,64,19385,2
6940,110.571374,2,19378,144,2
6945,95.164549,1,19399,66,2
6974,92.374021,5,65,19411,2
7193,91.089355,1,66,19399,2
7250,75.648522,2,19642,67,2
7269,75.307057,2,67,19642,2
7270,98.440809,2,19399,146,2
7286,117.445572,2,68,19385,2
7287,98.144656,2,19378,147,2
7312,91.422284,2,69,19371,2
7313,169.428571,2,20513,148,4
7336,160.493726,2,70,18745,4
7596,126.138288,3,18745,149,4
7629,118.523959,3,71,18752,4
7807,84.533713,3,39776,46654,2
7808,114.379883,3,41888,41890,1
8144,71.272341,6,41937,40633,1
8145,106.491211,6,40636,46937,1
8197,37.659672,2,40951,44387,1
8198,86.441141,5,40948,40951,1
8201,12.998754,4,41113,21105,1
8202,8.600561,4,41125,21076,1
8241,104.174804,4,54815,54826,2
8242,101.379883,3,41623,54815,2
8243,100.55957,3,41628,41623,2
8244,99.449219,2,41633,41628,2
8245,97.490234,2,20349,41633,2
8246,97.230469,2,41643,20349,2
8247,102.770508,2,41653,41643,2
8248,101.660156,2,41666,41653,2
8249,105.28125,2,46601,41666,2
8250,106.262858,2,54806,41638,2
8251,100,2,41638,54799,2
8252,96.110352,2,54799,41648,2
8253,97.219727,2,41648,41658,2
8254,109.015627,2,41658,19396,2
8255,111.669765,2,19354,19396,2
8256,91.269531,2,19364,19354,2
8257,109.541016,2,19359,19364,2
8258,82.889648,2,19385,19359,2
8259,105.270508,2,41618,41623,2
8260,73.329041,2,41623,54811,2
8261,116.669922,2,54806,41628,2
8262,107.779785,2,41633,41638,2
8263,36.245076,2,41638,54789,2
8264,108.339844,2,41643,46409,2
8265,104.866222,2,41648,41643,2
8266,107.22998,2,46414,41653,2
8267,111.110352,2,41653,41658,2
8268,110.279785,2,41666,46419,2
8269,95,2,41691,74,2
8270,115,2,19396,41666,2
8271,112.229851,2,41671,54792,2
8272,199.833139,3,19420,19364,2
8273,110.519531,2,41674,41671,2
8274,110.836914,2,41671,19359,2
8275,81.118374,2,19359,19399,2
8276,59.371094,2,19349,20958,2
8277,233.889648,2,19354,41709,2
8278,93.060547,2,41683,46365,4
8279,96.109863,3,20958,41683,4
8280,99.450195,3,41686,41764,3
8281,14.17599,3,41683,19329,4
8282,56.394472,2,19329,41681,4
8283,111.69525,2,41686,19318,3
8284,173.335364,2,19315,41764,3
8285,104.439453,3,41701,41691,2
8286,104.906738,3,41709,41701,2
8292,100.549805,2,2,41701,2
8293,73.116325,2,41709,75,2
8294,105.408203,2,3,41714,3
8295,100.830078,2,41714,19201,3
8296,104.859375,2,19201,19191,3
8297,115.641602,2,19191,41729,3
8298,96.669922,2,41729,41744,3
8299,103.32959,2,41744,41754,3
8300,106.120924,2,41754,19255,3
8301,107.134817,2,19255,41769,3
8302,158.0625,2,41769,19312,3
8313,107.770508,4,41714,76,3
8316,111.229397,1,4,41729,3
8319,108.0502,4,5,41744,3
8322,112.101983,4,41754,77,3
8325,106.110352,3,41764,41769,3
8326,103.895523,3,41769,78,3
8338,18.683581,6,41892,41895,1
8342,174.54141,2,46668,41923,1
8343,152.917556,2,20752,41927,1
8344,15.519192,2,41923,20752,1
8345,100.632591,2,41945,46668,1
8346,160.902934,2,41927,41950,1
8348,201.831532,5,6,41950,1
8349,28.329749,2,41947,41937,1
8350,31.753175,5,41950,41937,1
8352,50.574952,3,41961,54865,1
8353,19.339885,3,54865,41964,1
8354,12.760905,3,41967,54858,1
8355,40.119805,3,41970,41977,1
8356,103.852482,3,54849,41970,1
8357,53.850725,3,41977,54849,1
8358,77.311758,3,41979,54839,1
8359,44.729577,3,41982,41985,1
8428,123.248087,3,7,42325,1
8430,115.337131,3,44123,7,1
8433,69.920251,4,42325,42341,1
8435,23.660156,4,42341,42344,1
8436,108.05957,4,42344,42349,1
8437,75.740234,4,42349,42352,1
8438,15.910156,4,42352,42355,1
8439,108.439192,4,42355,42360,1
8441,134.736432,2,44125,42393,1
8443,130.700686,2,42393,42360,1
8445,54.485992,2,42414,44335,1
8447,57.583132,2,44335,42414,1
8448,24.504997,2,43728,43717,1
8449,20.85056,2,43717,43728,1
8450,83.354417,2,43717,43712,1
8452,90.946831,2,43712,43717,1
8454,62.772456,2,43712,43706,1
8455,60.485643,2,43706,43712,1
8456,64.704998,3,43706,42886,1
8457,65.6913,2,42886,43706,1
8458,27.373798,2,42886,42890,4
8459,27.958465,2,42893,42886,4
8460,61.50367,4,42896,42893,4
8462,64.608214,2,42890,42896,4
8464,64.339186,3,42896,42903,2
8465,87.983734,3,42903,42906,2
8466,183.074574,5,42906,42875,2
8468,28.660506,4,42875,42879,2
8469,124.913163,5,44067,42450,2
8471,6.762375,3,42450,44106,2
8472,41.055083,3,42458,42461,2
8473,58.27179,3,42461,42464,2
8475,54.820313,4,42464,43758,2
8476,18.505083,3,43758,43761,2
8477,149.70158,3,43761,43764,2
8479,33.969727,3,43764,43767,2
8481,30.29287,3,43767,43772,2
8482,55.260742,3,43772,43774,2
8483,80.138352,3,43774,43781,2
8485,45.305953,3,43781,43784,2
8486,60.625266,4,43784,42175,2
8487,56.231484,3,42175,81,2
8489,39.248727,2,42175,44358,2
8490,59.870117,2,42167,44326,2
8491,59.149414,2,44326,42167,2
8492,23.005128,2,42167,44358,2
8494,39.045024,2,44093,42175,2
8497,88.618652,2,43795,42182,2
8498,9.535197,2,42182,44326,2
8499,100.606445,2,9,43795,2
8520,109.352723,1,10,42879,2
8521,14.863771,2,42875,44114,2
8597,19.354467,2,44279,43728,1
8598,18.931235,2,43728,44279,1
8622,36.150391,3,43706,46663,1
8623,27.010742,2,42360,39779,1
8625,35.690203,3,42325,41873,1
8627,35.269057,3,41875,42325,1
8679,72.41756,2,54811,43767,2
8681,20.589844,3,42886,39771,4
8707,31.170043,2,43774,54806,2
8708,6.090872,2,42450,44109,2
8710,116.093654,3,12,43761,2
8711,88.451172,1,13,43764,2
8756,29.492709,3,42893,39771,4
8764,6.121094,2,42450,44109,2
8765,36.613262,3,44106,42458,2
8769,21.471562,3,42879,44117,2
8770,72.092344,2,44114,83,2
8773,85.622498,3,44117,39776,2
8774,51.780273,2,41886,42344,1
8778,22.584156,2,14,42325,1
8779,12.300152,3,42325,44123,1
8780,39.344961,2,42349,39783,1
8781,59.898658,2,39781,42355,1
8782,11.168461,2,42360,44125,1
8784,16.988771,3,44128,43717,1
8785,10.820312,2,43728,44128,1
8805,36.37163,2,46663,43712,1
8810,24.012784,2,44358,42167,2
8878,23.072908,2,44335,44279,1
8880,22.959657,2,44279,44335,1
8888,32.208008,2,44326,44355,2
8889,94.150391,2,41663,44326,2
8900,106.277351,3,17,42167,2
8906,65.729492,3,43795,87,2
8907,64.198504,2,44355,41648,2
8946,73.376912,2,18,42325,1
9019,25.029716,1,42393,90,1
9026,53.396972,1,21,43717,1
9029,40.024973,1,43706,91,1
9035,40.80514,1,22,42360,1
9050,22.215032,5,42879,44067,2
9054,32.836227,1,42890,92,4
9055,63.937829,1,42903,93,2
9059,31.336982,5,39774,42896,2
9071,28.563662,1,42896,46745,4
9072,27.661579,3,46745,42896,4
9073,171.557547,1,42906,39776,2
9284,32.271798,2,42393,42414,1
9285,26.788838,2,42414,42393,1
9288,101.491211,2,44387,44392,1
9289,109.732422,3,44399,41125,1
9290,105.312499,2,44409,46460,1
9291,69.053222,3,44426,44416,1
9292,106.614257,2,44457,44440,1
9293,104.59375,4,46463,44447,1
9294,105.853516,4,44473,44480,1
9296,103.382812,4,44487,44494,4
9297,108.075195,3,44494,44501,4
9298,113.622138,3,44501,46673,4
9299,106.008789,2,44506,46484,1
9300,105.316406,3,44515,44510,1
9301,106.488281,3,44522,44515,1
9302,108.275391,3,44529,44522,1
9303,106.458008,3,44536,44529,4
9304,107.330078,2,44543,44536,4
9305,110.174805,2,44548,44543,4
9306,141.722656,2,44555,44548,4
9307,241.371093,1,46668,44563,1
9308,105.333008,2,44563,44570,1
9309,115.822266,2,44570,44577,1
9310,108.451172,2,44577,44582,1
9311,110.421875,2,44582,44589,1
9312,109.25293,2,44589,44592,1
9313,108.232422,2,44592,44599,1
9314,89.860352,2,44604,44609,4
9315,111.152344,2,44609,44616,4
9316,103.454102,2,44616,44623,4
9317,105.534178,2,44623,44628,4
9318,144.430664,3,44628,44635,4
9319,159.980469,3,44635,46863,4
9320,119.490234,3,44647,44658,4
9321,38.758722,2,44658,46853,4
9322,98.289589,4,21145,44665,3
9323,108.669922,4,44665,44672,3
9324,111.166064,4,44672,44679,3
9325,46.539588,3,19139,44686,3
9326,105.503905,3,44686,44693,3
9327,108.517578,3,44693,46281,3
9328,51.709911,2,44738,41947,1
9329,114.726563,2,44743,44738,1
9330,110.415039,2,44746,44743,1
9331,109.192383,2,44753,44746,1
9332,107.257812,2,44758,44753,1
9333,105.305664,2,44765,44758,1
9334,104.476563,2,44772,44765,1
9335,103.598633,2,44779,44772,1
9336,109.143555,3,44786,44779,1
9337,110.714844,3,44793,44786,1
9338,100.836915,3,44800,44793,1
9339,109.202148,3,44807,44800,4
9340,106.617187,4,44814,44807,4
9341,107.969727,4,44821,44814,4
9342,148.605468,2,44828,44821,4
9343,152.776367,2,20938,44828,4
9344,127.158203,3,44838,46870,4
9345,110.628906,2,44845,44838,4
9346,102.11914,1,44858,44845,4
9347,103.426759,1,44862,21027,3
9348,91.005859,1,44869,44862,3
9349,86.560547,1,44877,21161,3
9350,103.058594,1,44884,44877,3
9351,108.03418,1,44891,44884,3
9352,105.117188,1,44898,44891,3
9353,121.439453,1,44905,44898,3
9354,104.644531,1,44916,44905,3
9355,103.541992,1,46288,44916,3
9356,108.869141,3,44923,45066,1
9358,108.686523,3,44930,44923,1
9359,108.370117,3,44937,44930,1
9360,107.794922,3,44979,44937,1
9361,106.348633,4,44986,44979,1
9362,104.246094,4,44944,44986,1
9364,108.276367,4,44951,44944,4
9365,106.991211,4,44958,44951,4
9366,107.345703,4,44965,44958,4
9367,105.841797,4,44972,44965,4
9368,150.078614,4,44993,44972,4
9369,146.212891,4,20926,44993,4
9370,128.099609,4,45003,46877,4
9371,105.496094,4,45010,45003,4
9372,101.604492,4,45017,45010,4
9374,106.550781,4,45024,45017,4
9375,107.878906,4,45257,45024,4
9376,38.417247,4,20998,45257,4
9377,91.37653,4,45264,20988,3
9378,107.889648,4,45271,45264,3
9379,111.506836,4,45278,45271,3
9380,106.904297,4,45285,45278,3
9381,124.381836,4,45292,45285,3
9382,99.671875,4,45299,45292,3
9383,102.675781,4,46302,45299,3
9384,102.820313,2,46925,45124,1
9385,118.352539,2,45124,45131,1
9386,115.119141,2,45131,45138,1
9387,116.182617,2,45138,45145,1
9388,115.582031,2,45145,45152,1
9389,102.371579,2,45152,45095,1
9390,105.507812,3,46905,45117,1
9391,106.676758,3,45117,45159,4
9392,108.476562,4,45159,45166,4
9393,110.52832,4,45166,45173,4
9395,108.49707,4,45173,45180,4
9396,108.239258,4,45180,45187,4
9397,108.126953,4,45187,45194,4
9398,155.561523,4,45194,45201,4
9399,132.568359,4,45201,46884,4
9401,134.714844,4,20907,45213,4
9402,108.375977,4,45213,45220,4
9403,109.408203,4,45220,45227,4
9404,107.354492,4,45227,45234,4
9405,107.717773,4,45234,45241,4
9407,101.995117,4,45241,45248,4
9408,104.898437,4,45248,45312,4
9409,31.032948,4,45312,46918,4
9410,108.410237,4,21171,45324,3
9411,108.224609,4,45324,46330,3
9412,107.182052,4,45361,46931,1
9413,114.890625,4,45364,45361,1
9414,112.454102,4,45370,45364,1
9416,112.638672,4,45377,45370,1
9417,113.132812,4,45384,45377,4
9418,113.208495,4,45391,45384,4
9419,108.751953,4,45398,45391,4
9420,112.59375,4,45405,45398,4
9421,106.060547,4,45345,45405,4
9422,105.860352,6,45412,45352,4
9424,109.815919,6,45419,45412,4
9425,58.136719,6,45434,45419,4
9426,62.921479,6,45443,45429,4
9427,155.02569,6,45450,45443,4
9429,127.634766,6,20901,45450,4
9430,138.522461,6,45460,20891,4
9431,104.279297,6,45467,45460,4
9432,106.092773,6,45474,45467,4
9433,106.869141,6,45481,45474,4
9434,98.836914,6,45488,45481,4
9436,92.523438,6,45495,45488,4
9437,100.151367,6,45504,45495,4
9438,108.561019,6,45511,45504,4
9440,108.099609,6,45524,45511,4
9441,47.146717,6,46961,45524,4
9442,106,2,45531,45534,1
9443,109.046875,2,45534,45541,1
9444,107.103516,2,45541,45548,1
9445,106.37793,2,45548,45555,4
9446,107.915039,2,45555,45562,4
9447,106.288086,2,45562,45569,4
9448,112.349609,3,45569,45576,4
9449,105.63916,3,45576,45583,4
9450,102.540039,3,45583,45589,4
9451,104.401367,3,45589,45596,4
9452,104.606445,3,45596,45603,4
9453,107.836914,3,45603,45608,4
9454,158.518555,3,45608,45615,4
9455,121.689301,3,45615,46891,4
9456,137.052734,3,45625,45639,4
9457,110.198242,3,45639,45646,4
9458,109.773437,3,45646,45653,4
9459,110.223633,3,45653,45660,4
9460,108.644531,3,45660,45667,4
9461,100.223377,3,45667,45674,4
9462,99.054688,2,45674,45683,4
9463,102.501953,2,45683,45690,4
9464,106.713867,3,45690,45697,4
9465,100.336914,3,45697,46351,4
9466,103.234375,3,45704,46937,1
9467,110.344727,3,45707,45704,1
9468,113.374023,2,45714,45707,1
9469,112.52832,2,45721,45714,1
9470,111.976562,2,45728,45721,4
9471,101.270508,2,45735,45728,4
9472,116.225586,2,45742,45735,4
9473,111.533203,2,45749,45742,4
9474,111.873047,2,45756,45749,4
9475,110.224934,2,45763,45756,4
9476,113.279136,2,45770,45763,4
9477,109.284818,2,45777,45770,4
9478,111.658346,2,45784,45777,4
9479,113.168945,2,45787,45784,4
9480,152.910645,2,45794,45787,4
9481,115.106445,2,45804,45794,4
9482,144.214844,2,45817,46898,4
9483,107.395508,2,45824,45817,4
9484,110.084961,2,45831,45824,4
9485,105.023437,2,45839,45831,4
9486,107.133789,2,45846,45839,4
9487,100.287109,2,45954,45846,4
9488,108.685547,2,45853,45954,4
9489,109.083008,2,45860,45853,4
9490,111.432617,2,45867,45860,4
9491,109.008789,2,46358,45867,4
9492,122.675589,3,41890,45874,1
9493,115.189878,5,45874,45884,1
9494,115.115723,5,45884,45891,1
9496,112.99071,5,45891,45899,1
9497,113.459473,5,45899,45906,1
9499,110.21582,5,45906,45913,4
9501,115.999406,5,45913,45920,4
9502,111.548828,5,45920,45926,4
9503,109.497072,5,45926,45934,4
9504,114.153071,5,45934,45940,4
9505,118.134424,5,45940,45947,4
9506,107.122862,5,45947,46498,4
9507,111.578125,5,46205,45963,4
9509,110.749023,5,45963,45970,4
9510,116.753417,5,45970,45979,4
9511,114.996095,5,45979,45986,4
9513,79.221589,4,45986,20658,4
9514,82.224286,4,46191,45996,4
9515,113.777557,5,45996,46008,4
9516,110.283797,5,46008,46018,4
9518,115.032485,5,46018,46370,4
9519,102.510742,3,46031,54885,1
9520,108.617188,3,46038,46031,1
9521,111.782227,3,46045,46038,1
9522,112.865234,3,46052,46045,1
9523,105.790039,3,46059,46052,1
9524,105.220703,3,46066,46059,1
9526,109.96582,3,46073,46066,1
9527,107.453125,3,46080,46073,1
9528,104.695312,3,46087,46080,1
9530,109.599609,3,46663,46087,1
9531,97.199219,2,54773,46136,1
9532,103.717773,2,46129,46122,1
9533,109.09082,2,46122,46115,1
9534,107.016602,3,46115,46108,1
9535,106.194336,3,46108,46101,1
9536,101.058594,3,46101,46094,1
9537,108.604492,2,54874,46143,1
9538,110.186523,2,46143,46150,1
9539,103.860352,2,46156,46150,1
9540,108.359375,2,46163,46156,1
9541,106.65918,1,46198,46163,1
9542,102.905273,2,46184,54865,1
9543,106.701172,2,46177,46184,1
9544,108.527344,2,46170,46177,1
9545,62.832031,2,39779,46170,1
9546,104.255799,2,44738,46668,1
9547,38.926149,4,45031,44738,1
9548,176.369529,1,45124,45031,1
9549,111.904307,1,45361,45124,1
9550,95.15931,2,45874,45704,1
9551,97.71582,2,45874,54885,1
9552,109.311523,4,44563,46491,1
9553,109.496094,4,44746,44563,1
9555,109.819906,4,45053,44746,1
9556,98.216797,4,45138,45053,1
9557,109.806668,4,45370,45138,1
9558,114.424925,4,45534,45370,1
9559,110.232422,4,45714,45534,1
9560,105.931454,4,19097,45714,1
9561,106.392017,4,46038,46685,1
9563,109.511719,4,46136,46038,1
9564,105.821777,4,54874,46136,1
9565,73.577906,2,44743,45041,1
9566,137.541848,2,45041,45131,1
9567,110.006836,2,45131,45364,1
9568,114.283203,2,45364,45531,1
9569,102.854492,2,45531,45707,1
9570,105.696289,3,45707,46678,1
9571,104.908995,4,19090,46031,1
9572,100.644458,3,46031,54773,1
9573,105.772461,2,46477,44570,1
9574,104.760789,2,44570,44753,1
9575,113.230469,2,44753,45066,1
9576,14.540146,2,45066,45073,1
9577,60.666504,2,45073,45145,1
9578,113.087429,2,45145,45377,1
9579,108.848633,2,45377,45541,1
9580,110.420439,2,45541,45721,1
9581,110.190918,2,45721,46692,1
9582,103.627598,2,19104,46045,1
9583,113.641677,2,46045,46129,1
9584,113.199219,2,46129,46143,1
9585,101.473633,2,46143,54865,1
9586,101.886719,2,44577,46484,1
9587,103.43457,2,44758,44577,1
9588,111.947266,2,44923,44758,1
9589,47.74008,3,45084,44923,1
9590,27.647357,3,45152,45084,1
9591,104.686526,3,45384,45152,1
9592,109.063477,2,45548,45384,4
9593,104.550781,2,45728,45548,4
9594,106.961914,2,19111,45728,4
9595,103.56839,2,46052,46699,1
9596,111.912109,2,46122,46052,1
9597,110.944336,2,46150,46122,1
9598,105.131836,2,46184,46150,1
9599,111.138218,2,54858,46184,1
9600,105.070313,2,44409,44447,1
9601,105.21582,3,44447,44506,1
9602,110.621094,3,44506,44582,1
9603,106.121094,3,44582,44765,1
9604,104.891602,3,44765,44930,1
9605,82.296691,3,44930,45095,1
9606,111.239201,3,45095,45391,1
9607,113.455651,3,45391,45555,4
9608,107.130859,3,45555,45735,4
9609,107.782227,3,45735,46705,4
9610,107.297153,3,19118,46059,1
9611,109.041016,3,46059,46115,1
9612,109.426758,3,46115,46156,1
9613,107.769531,3,46156,46177,1
9614,108.664062,3,46177,46211,1
9615,62.436491,2,44387,40948,1
9616,115.832824,2,44423,44454,1
9617,107.30957,2,44772,44589,1
9618,103.942383,1,44937,44772,1
9619,113.826623,1,46905,44937,1
9620,110.252441,1,45398,45562,4
9621,111.797852,2,45562,45742,4
9622,107.577637,2,45742,46712,4
9623,107.562132,2,19125,46066,1
9624,105.025391,2,46066,46108,1
9625,38.245117,2,46108,21560,1
9626,108.37207,2,46163,46170,1
9627,106.3125,4,44392,44426,1
9628,104.019585,4,44426,44464,1
9629,114.5625,5,44510,44464,1
9630,113.772461,5,44592,44510,1
9632,109.609375,5,44779,44592,1
9633,108.964844,5,44979,44779,1
9634,101.980633,5,45117,44979,1
9635,42.376722,5,45331,45117,4
9636,55.145582,4,45405,45331,4
9637,108.898437,4,45569,45405,4
9638,107.274414,4,45749,45569,4
9640,107.010742,4,19132,45749,4
9641,107.922596,3,46073,46719,1
9642,106.436523,3,46101,46073,1
9644,36.941406,3,21563,46101,1
9645,64.344727,2,41133,44399,1
9646,111.679688,3,44399,44433,1
9647,112.257812,3,44433,44473,1
9648,103.666016,3,44473,44515,1
9649,114.886569,3,44515,44599,1
9650,113.225586,3,44599,44786,1
9651,107.858398,3,44786,44986,1
9652,106.325195,3,44986,45159,4
9653,75.544126,3,45159,45338,4
9654,16.041756,3,45338,45345,4
9655,113.265625,3,45345,45576,4
9656,105.635742,3,45576,45756,4
9657,107.916992,3,45756,46725,4
9658,108.770508,3,19596,46080,1
9659,106.708008,2,46080,46094,1
9660,113.296875,4,44440,41125,1
9661,107.202148,3,44480,44440,1
9662,107.71875,3,44522,44480,1
9663,125.442061,2,44604,44522,1
9664,115.289113,2,44793,44604,1
9665,108.134766,3,44944,44793,1
9666,104.472656,3,45166,44944,1
9667,106.034967,3,45352,45166,4
9668,105.260742,3,45583,45352,4
9669,107.76066,3,45763,45583,4
9670,113.676495,3,19603,45763,4
9671,104.165039,3,46087,46732,1
9672,69.536565,4,21051,44457,1
9673,109.570312,4,44457,44487,1
9674,104.954102,4,44487,44529,4
9675,106.428711,4,44529,44609,4
9676,106.457031,4,44609,44800,4
9678,103.216797,4,44800,44951,4
9679,103.032729,4,44951,45173,4
9681,98.400391,4,45173,45412,4
9682,97.235962,4,45412,45589,4
9683,111.18775,4,45589,45770,4
9685,112.230998,4,45770,46738,4
9686,102.301758,3,20527,46663,1
9687,109.444717,4,44494,41113,1
9688,112.898926,4,44536,44494,4
9689,112.479529,4,44616,44536,4
9690,116.161331,4,44807,44616,4
9691,108.66693,4,44958,44807,4
9692,102.820313,4,45180,44958,4
9693,100.796456,4,45419,45180,4
9694,105.735676,4,45596,45419,4
9695,117.69271,4,45777,45596,4
9697,113.489337,4,20813,45777,4
9698,111.762373,1,44501,44543,4
9699,115.539992,1,44543,44623,4
9700,112.805664,1,44623,44814,4
9701,109.627222,1,44814,44965,4
9702,111.59286,1,44965,45187,4
9703,44.444078,1,45187,45426,4
9704,50.560059,1,45440,45603,4
9705,113.992187,1,45603,45784,4
9706,108.875,5,46673,44548,4
9707,109.627103,5,44548,44628,4
9708,103.221314,5,44628,44821,4
9710,98.45492,5,44821,44972,4
9711,102.933947,5,44972,45194,4
9712,102.1891,5,45194,45443,4
9713,99.181641,5,45443,45608,4
9714,102.844665,5,45608,45787,4
9715,107.725586,5,45787,46751,4
9717,121.644531,1,44555,44635,4
9718,120.697034,1,44635,44555,4
9719,111.976562,1,44635,44828,4
9720,112.35155,1,44828,44635,4
9721,113.832586,1,44828,44993,4
9722,114.069336,1,44993,44828,4
9723,112.898031,1,44993,45201,4
9724,113.713483,1,45201,44993,4
9725,108.93653,1,45201,45450,4
9726,108.09124,1,45450,45201,4
9727,104.091386,1,45450,45615,4
9728,102.079102,1,45615,45450,4
9729,109.108258,1,45615,45794,4
9730,110.233292,1,45794,45615,4
9731,108.430887,1,45794,20848,4
9732,110.171572,1,20836,45794,4
9733,17.616973,3,19085,44658,4
9734,106.460937,4,44658,44838,4
9735,108.362305,4,44838,45003,4
9737,111.71342,4,45003,45213,4
9738,100.118164,4,45213,45460,4
9740,102.262695,4,45460,45639,4
9741,100.84668,4,45639,45817,4
9743,108.977539,4,45817,46758,4
9744,94.140625,4,54784,20663,2
9746,112.53125,4,20948,45824,4
9747,98.47168,4,45824,45646,4
9748,102.544391,4,45646,45467,4
9749,101.749441,4,45467,45220,4
9750,106.540039,4,45220,45010,4
9751,108.17002,4,45010,44845,4
9753,69.809668,4,44845,21135,4
9754,45.276305,3,44665,46846,3
9755,9.091837,3,21156,44858,4
9756,112.81543,3,44858,45017,4
9757,101.214844,2,45017,45227,4
9758,108.739258,2,45227,45474,4
9759,102.74535,2,45474,45653,4
9760,98.079102,2,45653,45831,4
9761,116.136927,2,45831,46765,4
9762,97.65332,2,45970,41618,2
9763,101.029297,2,46395,46772,2
9764,113.861328,2,20953,45839,4
9765,101.341797,2,45839,45660,4
9766,107.52832,2,45660,45481,4
9767,104.740234,2,45481,45234,4
9768,103.375,2,45234,45024,4
9769,67.341862,2,45024,46839,4
9770,106.211414,2,21027,44672,3
9771,117.210938,2,44679,44862,3
9772,45.707246,2,44862,46832,3
9773,13.651911,2,21022,45257,4
9774,100.25293,2,45257,45241,4
9775,101.709961,3,45241,45488,4
9776,110.866211,2,45667,45846,4
9777,107.022461,2,45846,46778,4
9778,108.866373,2,45986,46402,2
9779,108.801249,3,44869,20998,3
9780,111.921223,2,20988,21161,3
9781,76.500572,3,21009,45248,4
9782,61.961813,3,45248,20981,4
9783,103.20311,3,45248,45495,4
9785,100.075012,3,45495,45248,4
9786,98.486212,3,45495,45674,4
9787,98.136751,3,45674,45495,4
9788,101.939542,3,45674,45954,4
9789,101.821289,3,45954,45674,4
9791,97.236861,3,45954,20652,4
9792,104.41831,3,46785,45954,4
9793,103.650269,4,20658,46431,2
9794,95.364435,3,46431,46191,2
9795,106.948242,2,45264,44877,3
9796,41.815432,2,21166,45264,3
9797,12.621732,3,45312,46825,4
9798,103.951255,2,45504,45312,4
9799,103.501953,2,45683,45504,4
9800,101.334961,2,45853,45683,4
9801,110.033603,2,45996,45853,4
9802,99.498298,2,46409,45996,2
9803,94.305664,2,46008,46414,2
9804,100.612305,2,45860,46794,4
9805,102.558594,2,45690,45860,4
9806,105.259766,2,45511,45690,4
9807,71.362561,2,46911,45511,4
9808,112.652717,3,45271,21171,3
9809,108.96582,2,44884,45271,3
9810,107.871094,2,45278,44891,3
9811,109.483398,2,45324,45278,3
9812,41.192915,2,21182,45324,3
9813,11.341765,3,45524,46820,4
9814,103.875,2,45697,45524,4
9815,106.883789,2,45867,45697,4
9816,110.563877,2,46018,45867,4
9817,95.477539,2,46419,46801,2
9818,100.592773,2,44898,45285,3
9819,112.707031,3,45285,46330,3
9820,108.905273,2,46337,45292,3
9821,109.178711,3,45292,44905,3
9822,112.089844,2,44905,44686,3
9823,117.069336,2,44686,44717,3
9824,114.742187,2,44717,44710,3
9825,111.555664,2,44710,99,3
9826,105.962891,3,44710,44724,3
9827,107.693359,3,44724,46260,3
9828,107.405273,3,30,44724,3
9829,107.047852,3,44724,44731,3
9830,115.436523,3,44731,44693,3
9831,107.775391,3,44693,44916,3
9832,106.611328,3,44916,45299,3
9834,108.665039,3,45299,46344,3
9835,110.373047,2,44731,44717,3
9836,106.744141,2,46624,44731,3
9837,117.688818,4,45338,45331,4
9838,118.773143,4,45331,45109,1
9839,119.088329,3,45109,45095,1
9840,116.628779,3,45095,45084,1
9841,120.869533,3,45084,45073,1
9843,123.162014,5,45041,45031,1
9844,99.754039,4,45031,41937,1
9845,106.942593,2,41937,45031,1
9846,123.17755,2,45031,45041,1
9847,122.455406,2,45041,45053,1
9848,120.460254,2,45053,45073,1
9849,124.437286,2,45073,45084,1
9850,105.705841,2,45084,45095,1
9851,116.59077,3,45095,45109,1
9852,93.151217,3,21130,46857,4
9853,132.487748,5,44464,44416,1
9854,59.599915,4,45518,46961,4
9855,106.369861,3,46947,45518,4
9856,73.408769,3,46857,21130,4
9857,126.513302,3,21171,45518,4
9859,136.991974,3,21015,21036,4
9861,138.124942,3,44852,21036,4
9862,130.364602,3,44852,21139,4
9863,37.024865,5,44416,40948,1
9864,102.862188,6,45429,45434,4
9865,107.895508,3,44392,44399,1
9866,104.712891,2,44423,44409,1
9867,22.730766,3,44416,44423,1
9868,108.273438,2,44433,44426,1
9869,105.723633,2,44440,44433,1
9870,114.81992,2,41113,44457,1
9871,107.427734,4,44447,44454,1
9873,90.964843,4,44454,44464,1
9874,104.443359,4,44464,44473,1
9875,134.884738,3,21036,21015,4
9877,139.898534,3,21036,44852,4
9878,75.148329,3,45306,45319,4
9879,125.072988,3,45518,21171,4
9880,65.107338,3,21015,20998,4
9881,91.289767,3,45319,45306,4
9882,113.413176,2,46678,45874,1
9883,117.632908,2,19097,46678,1
9884,119.873127,2,46692,19097,1
9885,112.960509,2,19111,46692,1
9886,110.283251,2,46705,19111,4
9887,115.809571,2,46712,46705,4
9888,110.962328,2,19132,46712,4
9889,111.959885,2,46725,19132,4
9890,114.20255,2,19603,46725,4
9891,116.870451,2,46738,19603,4
9892,113.315491,2,20813,46738,4
9893,111.414062,2,20948,46758,4
9894,112.980469,2,46765,20948,4
9895,116.474998,2,20953,46765,4
9896,118.049372,2,46778,20953,4
9897,88.134482,2,20652,46778,4
9898,83.432485,2,45996,46785,4
9899,113.527344,2,46794,45996,4
9900,112.210261,2,46018,46794,4
9901,118.394853,2,46808,46018,4
9902,106.514648,4,44480,44487,1
9903,114.255974,2,20919,20912,4
9904,104.429377,2,45804,20862,4
9905,113.987087,4,20912,20919,4
9906,112.693947,2,44647,20931,4
9907,111.981081,4,20931,44647,4
9909,114.427976,4,20919,20931,4
9910,114.665016,2,20931,20919,4
9911,111.288061,4,20896,20912,4
9912,111.391455,2,20912,20896,4
9913,107.530969,2,20896,45625,4
9914,106.725697,4,45625,20896,4
9915,105.47307,4,20842,45804,4
9916,112.460582,2,45625,45804,4
9917,111.225348,4,45804,45625,4
9919,132.670217,3,21139,44852,4
9920,114.021878,3,45306,20988,4
9921,113.28326,3,20981,45306,4
9922,92.945496,3,20998,21015,4
9923,116.481471,3,45073,45053,1
9924,65.515625,3,45066,46944,1
9925,28.44259,4,45352,44406,4
9926,75.270315,4,44406,45345,4
9927,79.121288,4,44406,45338,4
9928,73.170295,1,45429,45426,4
9929,73.486195,1,45426,45434,4
9930,67.830392,1,45440,45434,4
9931,65.366113,1,45429,45440,4
9932,81.918681,1,45109,45398,1
9933,34.863579,4,45352,44406,4
9934,105.051758,3,46211,54849,1
9935,24.838685,4,39771,20820,4
9936,107.261196,6,46498,46660,4
9937,121.966223,5,46660,46453,4
9939,135.033488,5,20876,46205,4
9940,151.094429,2,46758,20842,4
9941,106.279297,5,20943,41613,2
9942,106.564453,2,41628,46395,2
9943,107.640625,2,46402,41633,2
9944,111.698678,2,54858,46211,1
9945,93.770508,2,46211,55304,1
9946,116.396373,2,46751,20826,4
9947,108.506848,2,20826,20813,4
9948,107.770473,2,20862,20836,4
9949,153.206109,2,20848,46751,4
9950,143.268681,5,46453,20848,4
9951,60.804603,5,20829,46446,2
9952,181.94474,5,46654,46446,2
9954,81.422289,4,46446,39774,2
9955,105.310672,3,20856,20869,4
9956,110.969727,2,41618,46395,2
9957,104.209961,2,46395,46402,2
9958,109.90918,2,46402,46431,2
9959,104.282227,3,20349,46431,2
9960,104.588867,4,46431,20349,2
9962,92.350586,2,46431,46409,2
9963,93.419922,2,46409,46414,2
9964,100.608398,2,46414,46419,2
9965,106.579102,2,46419,46424,2
9966,100.460937,2,46424,46592,2
9967,100.78125,2,54792,46601,2
9968,96.898437,2,46370,46424,2
9969,97.579102,2,46424,46601,2
9970,109.27699,4,46358,46808,4
9971,98.456861,5,46370,46572,4
9972,102.033447,2,46572,46808,4
9973,100.599609,2,46563,46358,4
9974,106.499023,4,46351,46358,4
9976,76.533131,4,46966,46351,4
9977,94.901367,3,46351,46552,4
9978,111.071205,4,46330,46947,3
9979,118.947266,4,46330,46337,3
9980,105.069336,4,46337,46344,3
9981,103.418945,4,46344,46316,3
9982,109.15918,4,46316,46323,3
9983,109.880859,3,46260,46641,3
9984,103.029297,3,46641,46253,3
9985,108.299805,2,46246,46267,3
9986,109.241211,2,46267,46624,3
9987,108.22168,3,46281,46274,3
9988,105.390625,3,46274,46239,3
9989,104.535896,1,46232,46295,3
9990,105.120117,1,46295,46288,3
9991,110.969727,4,46309,46302,3
9992,107.945312,2,46302,46288,3
9993,116.31543,2,46288,46281,3
9995,114.606445,2,46281,46624,3
9996,112.106445,2,46624,46260,3
9997,109.801758,2,46260,101,3
9998,110.146484,2,31,46641,3
9999,103.11122,2,46253,102,3
10000,104.950195,3,46253,41714,3
10001,105.029297,2,19201,46246,3
10002,111.432617,2,46641,46267,3
10003,110.197266,2,46246,46253,3
10004,116.383804,2,46267,46274,3
10005,115.760742,2,46239,46246,3
10006,111.919922,3,46239,19191,3
10007,114.578125,2,46274,46295,3
10008,117.536285,2,46232,46239,3
10009,102.3698,1,41729,46232,3
10010,111.938477,2,46295,46309,3
10011,106.171123,2,46225,46232,3
10012,107.160156,4,46225,46309,3
10013,107.120117,4,41744,46225,3
10014,110.494843,2,46316,46302,3
10015,115.787109,2,46309,46323,3
10016,107.816187,2,46218,46225,3
10017,106.649414,4,46323,46218,3
10018,110.619141,4,46218,41754,3
10019,102.703125,3,46344,46525,3
10020,107.088867,3,46518,46316,3
10021,106.513672,2,46323,46512,3
10022,104.853516,2,46505,46218,3
10023,102.65918,2,41764,46505,3
10024,18.928711,2,46512,19252,3
10025,44.451172,4,46390,19247,3
10026,43.597682,4,19247,46518,3
10027,83.751851,3,46525,46607,3
10028,45.16703,4,19324,46390,3
10029,77.210783,3,20972,46365,4
10030,121.209961,2,46365,46563,4
10031,121.390625,1,46813,46572,4
10032,112.123536,3,46572,46377,4
10033,97,3,46377,20958,4
10034,99.950195,1,20958,46813,4
10035,108.491211,2,46601,19354,2
10036,57.335867,3,46552,46611,4
10037,102.483618,3,20642,46390,3
10038,106.940126,2,46532,46337,3
10039,99.739258,2,46484,46463,1
10040,105.639648,2,46463,46460,1
10041,102.430664,4,46470,46463,1
10042,102.580078,2,46470,46477,1
10043,110.80957,2,46484,46477,1
10044,107.389648,2,46477,46491,1
10045,41.047852,4,46491,40954,1
10046,97.134765,2,46491,41923,1
10047,108.787904,4,46365,46813,4
10048,104.688477,2,46377,41674,2
10049,99.179688,3,46390,41686,3
10050,106.638176,4,46441,20876,2
10051,172.645419,2,20869,54763,2
10052,131.321898,2,46654,20856,2
10053,129.434023,2,20848,46654,2
10054,42.942383,4,54763,46441,2
10055,113.972667,5,46532,46947,3
10056,107.744141,5,46525,46532,3
10057,103.328827,5,46518,46525,3
10059,109.100586,5,46512,46518,3
10060,107.246957,5,46505,46512,3
10061,107.745711,5,19255,46505,3
10062,51.858808,4,46539,46532,3
10063,86.304884,7,46539,20977,4
10065,121.547346,3,46966,46539,4
10066,105.022578,4,46592,20648,2
10068,102.40918,4,46572,46563,4
10069,109.348558,5,46563,46552,4
10071,25.054768,5,46552,46539,4
10072,72.206038,5,46611,46539,4
10073,55.435775,3,46539,46611,4
10074,74.231445,2,19252,41686,3
10075,112.874959,2,19247,19252,3
10076,109.803945,2,46607,19247,3
10077,32.241875,2,46607,46611,3
10078,22.663071,3,46607,20642,3
10079,120.624629,3,19324,20642,4
10080,118.04742,2,20972,19329,4
10081,124.725638,2,45053,45041,1
10082,121.069478,3,45053,45041,1
10083,125.27821,2,45095,46905,1
10084,95.283502,1,45874,69623,1
10085,119.034444,1,19090,46685,1
10086,117.48107,1,46685,19104,1
10087,115.58008,1,19104,46699,1
10088,113.116212,1,46699,19118,1
10089,112.229982,1,19118,19125,1
10090,115.169922,1,19125,46719,1
10091,110.720216,1,46719,19596,1
10092,115.690429,1,19596,46732,1
10094,117.099609,1,46732,20527,1
10095,114.344053,2,20527,20820,1
10096,100.341933,3,20820,46745,4
10097,130.186111,2,46745,20829,4
10098,12.25012,2,46678,45884,1
10099,12.169745,4,46685,45891,1
10100,10.477502,2,46692,45899,1
10101,13.214137,3,46699,45906,1
10102,9.314461,3,46705,45913,4
10103,9.846423,3,46712,45920,4
10104,12.0999,4,46719,45926,1
10105,10.045906,3,46725,45934,4
10106,10.475522,3,46732,45940,1
10107,11.628778,4,46738,45947,4
10108,150.322242,2,20829,20848,4
10109,12.253225,4,46751,46453,4
10110,104.934669,2,20836,20862,4
10111,146.425484,2,20876,20943,4
10112,113.516486,2,20943,20663,4
10113,10.869653,4,46758,46205,4
10114,109,2,20663,45970,4
10115,121.979492,2,45970,46772,4
10116,12.58149,2,46765,45970,4
10117,114.623784,2,46772,45986,4
10118,9.627941,2,46772,45979,4
10119,6.009766,2,46778,45986,4
10120,34.614061,4,46191,46785,4
10121,32.756645,4,20652,20658,4
10122,114.193296,2,45996,46008,4
10123,106.189453,2,46008,46801,4
10124,11.047158,4,46794,46008,4
10125,108.439453,1,46801,46370,4
10126,9.602525,2,46801,46018,4
10127,106.71585,1,46370,20648,4
10128,13.053356,4,46808,46370,4
10129,111.481363,3,46377,46572,4
10130,98,3,20958,46377,4
10131,12.265142,4,46813,46377,4
10132,126.670989,2,46947,21182,4
10133,122.30345,2,21182,21171,4
10134,127.959988,2,21171,21166,4
10135,35.059786,2,46825,46918,4
10136,10.560463,3,46820,45518,4
10137,128.399271,2,46911,46820,4
10138,103.820551,2,21166,20988,4
10139,124.372997,2,20981,46825,4
10140,12.876613,3,46825,45306,4
10141,42.258586,2,21022,20998,4
10142,101.776688,2,20998,46832,4
10143,125.298995,2,46832,21027,4
10144,134.70389,2,46839,21022,4
10145,8.417389,2,46832,21015,4
10146,134.130761,2,21027,46846,4
10147,135.863662,2,21156,46839,4
10148,7.339004,3,46839,21036,4
10149,119.510001,2,46846,21145,4
10150,123.286533,2,21135,21156,4
10151,10.01301,3,46846,44852,4
10152,121.666386,2,21145,19080,4
10153,74.431261,2,46853,21135,4
10154,37.309186,2,19085,46853,4
10155,100.697266,3,45488,45667,4
10156,8.53165,4,46863,44647,4
10157,116.026333,1,46863,20938,4
10158,108.667484,1,46870,44647,4
10159,114.09959,1,20938,20926,4
10160,111.853132,1,46877,46870,4
10161,6.21875,3,46870,20931,4
10162,114.100245,1,20926,46884,4
10163,6.078125,4,46877,20919,4
10164,111.225772,1,20907,46877,4
10165,8.750791,4,46884,20912,4
10166,59.062011,1,46884,20887,4
10167,106.012279,1,20891,20907,4
10168,6.109375,6,20891,20896,4
10169,109.93035,1,20901,46891,4
10170,74.026679,1,45625,20889,4
10171,9.139616,3,46891,45625,4
10172,114.986908,1,46891,45804,4
10173,110.477384,1,46898,45625,4
10174,106.2749,1,45804,20862,4
10175,105.212494,1,20842,46898,4
10176,6.019531,2,46898,45804,4
10177,170.276462,1,20869,54763,2
10178,122.491466,1,20648,46377,4
10179,99.214355,1,46377,20958,4
10180,9.674259,3,45109,46905,1
10181,70.644601,1,45073,46944,1
10182,120.720867,1,45073,45084,1
10183,117.63084,1,45084,45095,1
10184,78.203073,2,46918,46911,4
10185,14.855555,3,21171,46911,4
10186,23.94932,4,46918,45319,4
10187,21.438477,4,41321,46592,2
10188,35.033147,3,46611,20972,4
10189,10.412516,5,21042,46673,4
10190,5.285878,4,20912,20907,4
10191,6.899901,6,20896,20901,4
10192,51.670339,5,20658,46191,4
10193,41.083818,2,46785,20652,4
10194,34.252453,3,46961,46966,4
10195,23.69211,6,46947,46961,4
10196,31.617204,3,20977,46947,3
10197,30.181865,3,20977,46947,4
10198,24.019617,4,20642,46611,4
10199,120.597656,6,40633,46925,1
10201,97.848633,6,46925,46931,1
10202,106.491211,6,46931,40636,1
10203,61.827025,6,46937,41883,1
10204,32.28988,2,46944,45053,1
10205,12.292692,4,20663,45963,4
10206,105.878472,2,20856,20869,4
10207,83.198544,2,45986,20652,4
10208,43.154759,2,20652,46785,4
10209,84.753402,2,46785,45996,4
10210,14.051937,5,46947,46966,4
10211,107.308594,2,46136,46129,1
10481,46,1,40633,110,1
10483,57.476388,1,37,46925,1
10484,70.731858,1,46931,111,1
10487,95.116627,2,40636,112,1
10533,140.801437,1,46937,113,1
10718,348.648816,2,40,41895,1
10719,349.464538,2,41895,40,1
10720,88.320632,3,54773,116,1
10723,103.33595,3,41,54874,1
10739,39.599882,1,54874,118,1
10749,95.652208,1,43,41961,1
10757,118.919942,1,45,54865,1
10758,127.693213,1,41964,120,1
10766,80.580993,1,41967,121,1
10772,31.205192,1,46,41970,1
10798,57.477096,1,47,54849,1
10816,44.028271,1,41985,122,1
10825,180.822629,1,48,41985,1
10832,82.683178,1,41979,123,1
10834,124.258394,1,49,54839,1
10837,158.630618,1,41982,124,1
11022,117.448386,2,41879,126,1
11023,116.503841,2,50,41881,1
11047,70.535415,4,51,41937,1
11068,193.668316,4,54994,127,1
11073,55.103956,3,52,73547,1
11074,159.609511,3,53,41888,1
11095,30.884057,4,41937,48883,1
11096,17.726104,2,41950,48883,1
11097,57.761537,4,48883,128,1
11098,80.68062,5,52319,129,1
11100,23.548338,5,49110,52319,1
11101,22.932593,5,40951,49110,1
11102,105.576952,3,49169,49118,1
11104,22.293602,3,49118,49104,1
11105,10.755108,3,49120,49107,1
11106,84.863217,1,49124,130,1
11107,55.428645,2,49124,49151,1
11108,11.432046,1,49149,49151,1
11115,60.873162,1,49158,131,1
11120,124.569573,2,41923,49180,1
11121,107.766422,2,49180,20752,1
11122,39.164711,4,40954,49180,1
11123,16.34985,5,54,49178,1
11127,94.708463,4,49180,132,1
11128,27.07758,2,49281,49158,1
11129,46.51116,3,49281,49167,1
11130,25.305742,1,49151,49169,1
11131,7.733229,3,49167,49169,1
11132,73.805385,3,49174,49281,1
11133,72.603203,5,49178,49180,1
11229,194.005335,1,41927,55,1
11230,196.534149,1,55,41927,1
12055,185.607851,2,20607,133,1
12077,19.710535,4,20594,20496,1
12078,25.638446,1,20604,41138,1
12079,20.247001,2,41136,20607,1
12080,42.44729,4,49122,52319,1
12082,36.243336,3,20588,21065,1
12084,40.167,2,20588,21071,1
12085,20.014783,2,21056,20588,1
12086,30.797963,3,21065,20588,1
12103,13.520279,3,20599,20594,1
12117,35.202758,1,21056,56,1
12120,36.490621,1,56,21056,1
12282,64.103225,5,57,19076,4
12285,135.04945,4,58,21047,1
12349,160.085224,3,19069,21099,1
12351,141.378254,3,21099,19067,1
12352,104.464806,2,19076,19072,4
12353,136.462349,2,21105,19065,1
12354,158.857978,2,19072,21092,1
12355,136.999008,1,21092,135,1
12356,75.111606,2,19072,136,4
12758,89.894175,3,59,21056,1
12830,128.431993,3,21099,41116,1
12831,184.672852,3,21081,21065,1
12832,131.222205,3,41116,21081,1
12833,107.165569,2,21092,21522,1
12834,55.291301,2,21047,41128,1
12835,61.078462,2,41128,21087,1
12836,183.00727,2,21087,21056,1
12837,46.625925,2,21071,41133,1
12838,131.054669,2,41133,21076,1
12839,21.194738,2,21076,41131,1
12840,86.275933,2,41131,21051,1
12841,130.944993,2,21051,21105,1
12842,186.842211,3,21065,21081,1
12843,132.39408,3,21081,41116,1
12844,129.80091,3,41116,21099,1
12846,39.782665,1,41138,137,1
12847,40.605206,2,60,41136,1
13188,85.234961,2,21087,138,1
13189,110.640835,1,41128,139,1
13212,36.426048,3,54839,41982,1
13213,90.077078,3,54837,54839,1
13214,9.086583,3,41985,41875,1
13215,45.148388,3,54849,41979,1
13216,34.841357,3,54858,41970,1
13217,76.945566,3,41964,41967,1
13218,81.782233,3,54874,41961,1
13219,99.537845,3,54773,54874,1
13221,162.476404,3,54885,54773,1
13222,149.020328,3,54981,54885,1
13223,147.421077,3,54885,54981,1
13224,158.710912,3,54773,54885,1
13225,110.797324,3,54874,54773,1
13226,138.347574,3,54865,54874,1
13227,135.961338,3,54858,54865,1
13229,29.255451,3,41970,54858,1
13230,136.7544,3,54839,54849,1
13231,17.586921,3,41873,54837,1
13232,164.002361,4,54826,54763,2
13233,24.764171,5,54826,42464,2
13234,37.258789,3,54820,54815,2
13235,102.857598,5,41613,54826,2
13236,101.831905,4,54815,54784,2
13237,106.944336,2,54784,41618,2
13238,99.418945,2,41613,54784,2
13239,119.12896,3,54789,54806,2
13240,115.864838,3,54806,54811,2
13242,143.364879,3,54811,54820,2
13243,85.291811,4,54820,54826,2
13244,115.453505,3,44093,54789,2
13245,103.244033,3,19364,54792,2
13246,71.136792,4,54792,41321,2
13249,117.736738,4,20349,54799,2
13250,118.023437,3,54799,20349,2
13251,72.012119,4,54799,44093,2
13252,73.289902,3,44093,54799,2
13253,120.300779,2,19321,19334,4
13254,45.133376,2,41681,19321,4
13255,131.022077,2,19315,19318,4
13256,49.880809,3,19318,54782,4
13257,66.617024,3,54782,19324,4
13258,107.867862,5,61,19255,3
13310,39.240234,2,54969,54972,1
13311,20.220682,3,41877,54975,1
13312,8.840958,3,54975,54977,1
13313,18.04046,3,54977,54979,1
13314,11.301815,3,54979,55027,1
13315,13.010147,5,41883,54989,1
13325,9.881916,3,55027,41892,1
13414,112.194998,2,46592,41674,2
13416,30.879883,2,55304,39781,1
13417,52.220703,2,39783,55299,1
13418,107.180664,2,55299,54849,1
13419,50.640625,2,54839,41886,1
13420,112.350098,2,55304,55299,1
13421,112.166992,2,55299,54839,1
13494,94.771484,2,20958,19341,4
13495,86.070312,1,19336,20958,4
13574,166.223832,4,42464,141,2
13584,109.370742,3,41691,43795,2
13585,30.261113,2,44358,44093,2
14059,35.35504,6,54994,41892,1
14060,59.078651,6,54989,54994,1
14061,44.938616,6,54986,54989,1
14062,25.530177,6,54981,54986,1
14063,38.603471,6,41895,54981,1
14064,65.160078,2,54989,41879,1
14065,46.629285,2,41881,54994,1
14066,88.594431,1,41883,54969,1
14067,133.998394,1,54981,45874,1
14068,21.972111,2,54972,45874,1
14069,27.884887,1,54972,45874,1
14070,60.629399,2,54986,54969,1
14172,26.85194,5,20607,20599,1
14173,67.714164,5,20588,20604,1
14656,109.51823,3,49180,142,1
14658,170.022555,2,49158,49180,1
14659,96.662466,2,49151,49158,1
14661,106.824639,2,49158,143,1
14664,74.79735,1,62,49149,1
14665,129.039113,2,52319,49124,1
14666,49.171358,3,49104,49110,1
14667,139.53975,3,20594,49122,1
14669,63.244964,3,49110,49120,1
14671,95.984861,3,49107,20496,1
14913,120.653609,2,41658,41663,2
14914,105.420499,2,41663,41691,2
14920,78.971437,1,41947,41945,1
16430,59.134732,3,21109,21122,4
16442,166.714618,3,23621,20633,4
16613,172.251434,3,20633,23621,4
16615,103.638787,3,20612,79,4
16631,114.55957,4,23350,23569,3
16632,99.203201,3,8,23505,3
16633,100.424805,3,73,23392,3
16634,99.298968,3,23357,80,3
16664,56.234814,4,23043,23046,4
16665,85.931454,4,20513,23050,4
16666,39.958114,4,23056,18712,4
16667,30.19201,4,23053,23056,4
16668,49.233204,4,23063,19312,4
16669,25.4293,4,18716,18721,4
16670,127.526437,3,18743,18716,4
16671,277.64208,3,20958,18743,4
16694,184.404547,3,18734,18707,4
16695,30.757915,4,18707,18740,4
16696,355.746839,3,18740,20958,4
16699,74.989971,2,18719,18730,4
16700,48.68941,1,18738,18716,4
16701,76.154385,2,23056,82,4
16794,113.671699,2,44672,23569,3
16795,109.564022,2,23350,44679,3
16796,112.139287,2,23399,44869,3
16797,115.466377,2,21161,23542,3
16799,108.561797,2,44877,23549,3
16800,101.554375,2,23448,44884,3
16801,113.119894,2,44891,23559,3
16802,113.368584,2,26410,44898,3
16803,138.003451,2,44717,25032,3
16804,127.289379,3,23505,44710,3
16810,82.235786,4,19312,20520,4
16811,163.546024,2,19378,19373,2
16844,20.608966,2,43758,54820,2
16845,14.026582,3,43761,54820,2
16984,64.755466,4,23046,20513,4
16988,28.752058,4,20496,20585,1
16989,28.186556,5,20604,20607,1
16990,30.454326,4,20585,20588,1
16994,104.693708,4,20585,44392,1
16995,79.977609,3,42360,46198,1
16996,110.283937,2,46170,55304,1
16997,113.258548,2,46094,42393,1
16998,107.055941,3,46094,44128,1
16999,108.954637,3,44128,46087,1
17000,72.583348,4,49180,46470,1
17001,115.821707,2,49104,44409,1
17002,54.016567,3,49107,44387,1
17003,91.37832,5,46446,42906,2
17004,112.009663,2,44109,54763,2
17005,116.250831,2,44109,54763,2
17006,107.071191,5,54763,46654,2
17007,156.46193,2,46441,41613,2
17008,105.381253,1,46441,20876,2
17009,92.21406,1,20620,46863,4
17010,89.044698,1,20620,44647,4
17011,85.282007,5,44647,20620,4
17013,81.485629,1,44647,20620,4
17014,145.719132,2,20620,19085,4
17015,105.573071,2,21145,23584,3
17016,113.224568,3,23577,44665,3
17017,57.01966,2,49174,46470,1
17018,95.546689,3,49180,49174,1
17020,40.584524,2,46460,49281,1
17021,17.80191,5,20876,20842,4
17022,18.61176,3,20862,20869,4
17023,199.876382,4,20599,16,1
17027,51.999514,1,44555,26228,4
17028,61.409747,1,23630,44555,4
17043,102.736037,2,42393,46198,1
17050,200.641644,4,16,20599,1
17181,59.24194,1,20,43784,2
17254,124.0668,2,23030,18738,4
17268,75.852653,3,20752,140,1
17270,210.027714,3,23,20594,1
17280,73.131073,2,25,23056,4
64715,12.136566,1,46572,20648,4
64751,7.823156,1,46745,46660,4
64752,7.031426,1,46660,20826,4
68076,19.859697,1,19334,19315,4
69616,17.511265,1,69623,45884,1
69622,13.724368,1,69623,19090,1
70330,15.658167,2,20842,20876,4
72127,12.171527,2,46751,46453,4
73054,2.283717,2,20620,20620,4
73546,80.753891,3,73547,41877,1
